Rk,Player,Pos,Age,Tm,FG,FG%,3P%,2P%,eFG%,FT%,TRB,AST,STL,BLK,TOV,PF,PTS
1,Precious Achiuwa\achiupr01,PF,21,MIA,124,544,0,546,544,509,208,29,20,28,43,91,304
2,Jaylen Adams\adamsja01,PG,24,MIL,1,125,0,167,125,,3,2,0,0,0,1,2
3,Steven Adams\adamsst01,C,27,NOP,189,614,0,620,614,444,514,111,54,38,78,113,438
4,Bam Adebayo\adebaba01,C,23,MIA,456,570,250,573,571,799,573,346,75,66,169,145,1197
5,LaMarcus Aldridge\aldrila01,C,35,TOT,140,473,388,505,525,872,118,49,11,29,27,47,352
5,LaMarcus Aldridge\aldrila01,C,35,SAS,115,464,360,509,518,838,94,36,8,18,20,36,288
5,LaMarcus Aldridge\aldrila01,C,35,BRK,25,521,800,488,563,1.000,24,13,3,11,7,11,64
6,Ty-Shon Alexander\alexaty01,SG,22,PHO,3,250,222,333,333,500,10,6,0,1,3,2,9
7,Nickeil Alexander-Walker\alexani01,SG,22,NOP,192,419,347,485,502,727,144,102,47,22,69,88,508
8,Grayson Allen\allengr01,SG,25,MEM,173,418,391,471,547,868,160,108,46,8,48,71,532
9,Jarrett Allen\allenja01,C,22,TOT,298,618,316,631,624,703,631,106,32,90,100,96,806
9,Jarrett Allen\allenja01,C,22,BRK,44,677,,677,677,754,125,20,7,19,22,21,134
9,Jarrett Allen\allenja01,C,22,CLE,254,609,316,623,616,690,506,86,25,71,78,75,672
10,Al-Farouq Aminu\aminual01,PF,30,TOT,38,384,216,484,424,818,110,31,19,9,28,29,102
10,Al-Farouq Aminu\aminual01,PF,30,ORL,36,404,226,500,444,824,91,29,17,9,25,22,93
10,Al-Farouq Aminu\aminual01,PF,30,CHI,2,200,167,250,250,800,19,2,2,0,3,7,9
11,Kyle Anderson\anderky01,PF,27,MEM,308,468,360,539,540,783,396,250,84,57,86,120,854
12,Giannis Antetokounmpo\antetgi01,PF,26,MIL,626,569,303,636,600,685,671,357,72,73,207,168,1717
13,Kostas Antetokounmpo\antetko01,PF,23,LAL,3,300,,300,300,462,19,1,2,4,11,8,12
14,Thanasis Antetokounmpo\antetth01,SF,28,MIL,67,489,241,556,515,510,124,46,22,10,43,74,166
15,Carmelo Anthony\anthoca01,PF,36,POR,327,421,409,429,506,890,214,104,46,38,61,144,924
16,Cole Anthony\anthoco01,PG,20,ORL,219,397,337,424,449,832,221,192,30,18,106,98,605
17,OG Anunoby\anunoog01,SF,23,TOR,249,480,398,562,580,784,237,94,66,32,75,114,682
18,Ryan Arcidiacono\arcidry01,PG,26,CHI,49,419,373,480,526,650,67,56,9,0,10,47,136
19,Trevor Ariza\arizatr01,SF,35,MIA,99,411,350,500,515,773,144,55,31,18,21,55,282
20,D.J. Augustin\augusdj01,PG,33,TOT,135,394,382,413,515,904,94,188,28,1,65,56,438
20,D.J. Augustin\augusdj01,PG,33,MIL,71,370,380,349,497,900,50,110,20,1,34,33,227
20,D.J. Augustin\augusdj01,PG,33,HOU,64,424,386,476,536,907,44,78,8,0,31,23,211
21,Deni Avdija\avdijde01,SF,20,WAS,130,417,315,535,502,644,262,63,32,15,33,140,342
22,Deandre Ayton\aytonde01,C,22,PHO,430,626,200,639,629,769,727,99,41,81,103,196,997
23,Udoka Azubuike\azubuud01,C,21,UTA,4,444,,444,444,800,13,0,1,4,3,9,16
24,Dwayne Bacon\bacondw01,SG,25,ORL,292,402,285,449,443,824,224,93,45,5,46,103,788
25,Marvin Bagley III\baglema01,PF,21,SAC,247,504,343,550,542,575,318,43,21,21,59,100,608
26,LaMelo Ball\ballla01,PG,19,CHO,293,436,352,489,504,758,302,313,81,18,145,136,803
27,Lonzo Ball\balllo01,PG,23,NOP,290,414,378,482,537,781,263,316,82,31,123,103,802
28,Mo Bamba\bambamo01,C,22,ORL,142,472,322,568,535,682,265,35,14,58,36,87,367
29,Desmond Bane\banede01,SG,22,MEM,234,469,432,513,586,816,210,118,41,16,59,125,625
30,Harrison Barnes\barneha02,PF,28,SAC,319,497,391,567,575,830,385,201,43,11,93,75,933
31,RJ Barrett\barrerj01,SG,20,NYK,467,441,401,457,499,746,414,217,53,20,139,188,1264
32,Will Barton\bartowi01,SF,30,DEN,259,426,381,459,507,785,226,181,50,23,96,95,711
33,Keita Bates-Diop\bateske01,SF,25,SAS,30,448,294,500,485,667,49,12,11,5,7,11,79
34,Nicolas Batum\batumni01,SF,32,LAC,191,464,404,579,597,828,316,148,69,37,53,102,540
35,Aron Baynes\baynear01,C,34,TOR,134,441,262,532,485,707,273,47,17,23,46,119,324
36,Kent Bazemore\bazemke01,SF,31,GSW,176,449,408,486,545,692,229,108,69,33,82,158,481
37,Darius Bazley\bazleda01,PF,20,OKC,273,396,290,470,456,702,396,99,29,25,122,60,754
38,Bradley Beal\bealbr01,SG,27,WAS,670,485,349,535,532,889,283,265,69,22,187,140,1878
39,Malik Beasley\beaslma01,SG,24,MIN,264,440,399,487,547,850,162,88,30,7,60,62,724
40,Jordan Bell\belljo01,C,26,TOT,7,318,0,350,318,500,24,7,3,5,4,7,15
40,Jordan Bell\belljo01,C,26,WAS,7,350,0,389,350,,19,5,3,3,3,5,14
40,Jordan Bell\belljo01,C,26,GSW,0,0,,0,0,500,5,2,0,2,1,2,1
41,DeAndre' Bembry\bembrde01,SF,26,TOR,117,513,264,589,544,682,146,107,53,18,71,87,293
42,Dāvis Bertāns\bertada01,PF,28,WAS,193,404,395,480,581,870,168,49,33,13,33,136,655
43,Patrick Beverley\beverpa01,PG,32,LAC,93,423,397,468,550,800,119,76,29,28,34,108,278
44,Saddiq Bey\beysa01,SF,21,DET,279,404,380,450,530,844,318,95,52,14,60,110,857
45,Tyler Bey\beyty01,SF,22,DAL,7,318,250,333,341,600,19,3,0,1,3,6,18
46,Khem Birch\birchkh01,C,28,TOT,189,497,250,537,514,705,387,89,48,50,44,113,482
46,Khem Birch\birchkh01,C,28,ORL,94,450,190,479,459,741,243,53,32,28,23,67,255
46,Khem Birch\birchkh01,C,28,TOR,95,556,290,614,582,636,144,36,16,22,21,46,227
47,Goga Bitadze\bitadgo01,C,21,IND,83,428,253,548,479,738,150,37,9,60,17,94,231
48,Bismack Biyombo\biyombi01,C,28,CHO,142,587,0,589,587,448,347,81,17,74,71,141,331
49,Nemanja Bjelica\bjeline01,PF,32,TOT,89,454,318,559,523,725,127,69,15,5,33,68,242
49,Nemanja Bjelica\bjeline01,PF,32,SAC,69,460,293,565,517,762,100,49,8,2,28,48,187
49,Nemanja Bjelica\bjeline01,PF,32,MIA,20,435,370,526,543,556,27,20,7,3,5,20,55
50,Eric Bledsoe\bledser01,SG,31,NOP,307,421,341,496,503,687,244,268,55,24,114,112,869
51,Keljin Blevins\blevike01,SF,25,POR,5,250,250,250,300,,10,4,2,0,5,8,12
52,Bogdan Bogdanović\bogdabo01,SG,28,ATL,267,473,438,522,602,909,160,147,49,13,54,99,720
53,Bojan Bogdanović\bogdabo02,SF,31,UTA,406,439,390,487,536,879,281,136,45,4,128,115,1225
54,Bol Bol\bolbo01,PF,21,DEN,25,431,375,471,509,667,24,7,3,10,13,14,69
55,Marques Bolden\boldema01,C,22,CLE,1,333,,333,333,625,6,0,2,2,2,0,7
56,Jordan Bone\bonejo01,PG,23,ORL,23,426,313,591,519,,24,18,2,0,3,11,56
57,Isaac Bonga\bongais01,SF,21,WAS,30,370,277,500,451,625,66,23,11,9,22,63,78
58,Devin Booker\bookede01,SG,24,PHO,623,484,340,543,533,867,281,289,53,16,207,181,1712
59,Chris Boucher\bouchch01,C,28,TOR,288,514,383,609,595,788,404,63,35,111,46,166,818
60,Brian Bowen\bowenbr02,SF,22,IND,1,250,0,333,250,1.000,3,0,0,0,0,1,3
61,Avery Bradley\bradlav01,SG,30,TOT,64,374,327,443,471,800,57,46,21,3,28,55,173
61,Avery Bradley\bradlav01,SG,30,MIA,31,470,421,536,591,778,18,14,7,1,9,26,85
61,Avery Bradley\bradlav01,SG,30,HOU,33,314,270,381,395,833,39,32,14,2,19,29,88
62,Tony Bradley\bradlto01,C,23,TOT,131,665,0,675,665,691,239,37,15,30,33,61,300
62,Tony Bradley\bradlto01,C,23,PHI,51,680,0,689,680,636,104,17,6,13,6,28,109
62,Tony Bradley\bradlto01,C,23,OKC,80,656,0,667,656,705,135,20,9,17,27,33,191
63,Jarrell Brantley\brantja01,PF,24,UTA,25,481,429,542,596,1.000,27,15,7,2,8,17,64
64,Ignas Brazdeikis\brazdig01,SF,22,TOT,35,422,393,436,488,714,45,17,4,3,12,22,91
64,Ignas Brazdeikis\brazdig01,SF,22,NYK,0,0,,0,0,1.000,2,1,0,0,1,0,2
64,Ignas Brazdeikis\brazdig01,SF,22,PHI,0,0,0,0,0,,2,0,0,0,0,0,0
64,Ignas Brazdeikis\brazdig01,SF,22,ORL,35,443,407,462,513,667,41,16,4,3,11,22,89
65,Mikal Bridges\bridgmi01,SF,24,PHO,363,543,425,647,643,840,309,152,76,63,57,116,970
66,Miles Bridges\bridgmi02,PF,22,CHO,313,503,400,593,596,867,397,147,44,52,106,143,840
67,Amida Brimah\brimaam01,C,26,IND,5,625,,625,625,1.000,8,1,0,5,4,4,13
68,Oshae Brissett\brissos01,SF,22,IND,73,483,423,548,593,769,115,18,19,20,10,32,229
69,Malcolm Brogdon\brogdma01,PG,28,IND,444,453,388,493,527,864,294,329,49,15,115,110,1186
70,Armoni Brooks\brookar01,SG,22,HOU,78,406,382,514,563,583,68,30,12,5,22,34,223
71,Dillon Brooks\brookdi01,SF,25,MEM,432,419,344,461,481,815,196,157,78,26,119,237,1151
72,Bruce Brown\brownbr01,PG,24,BRK,235,556,288,599,576,735,349,104,58,28,54,145,573
73,Charlie Brown\brownch02,SG,23,OKC,13,302,238,364,360,900,17,9,4,2,6,19,40
74,Jaylen Brown\brownja02,SG,24,BOS,538,484,397,536,558,764,347,195,72,32,158,168,1430
75,Moses Brown\brownmo01,C,21,OKC,146,545,,545,545,619,383,10,31,47,43,93,370
76,Sterling Brown\brownst02,SG,25,HOU,150,448,423,492,584,806,224,72,38,12,41,97,416
77,Troy Brown Jr.\browntr01,SF,21,TOT,62,431,314,541,507,714,105,29,10,6,21,49,161
77,Troy Brown Jr.\browntr01,SF,21,WAS,33,371,304,442,449,667,61,19,3,4,16,29,90
77,Troy Brown Jr.\browntr01,SF,21,CHI,29,527,333,677,600,833,44,10,7,2,5,20,71
78,Jalen Brunson\brunsja01,PG,24,DAL,328,523,405,578,588,795,231,239,35,1,80,109,857
79,Elijah Bryant\bryanel01,SG,25,MIL,6,462,200,625,500,1.000,6,3,0,1,4,4,16
80,Thomas Bryant\bryanth01,C,23,WAS,59,648,429,714,698,667,61,15,4,8,11,31,143
81,Reggie Bullock\bullore01,SF,29,NYK,248,442,410,521,587,909,223,99,52,11,45,146,709
82,Trey Burke\burketr01,PG,28,DAL,151,428,354,492,510,895,54,81,36,7,33,64,411
83,Alec Burks\burksal01,SG,29,NYK,210,420,415,425,522,856,227,107,31,14,49,102,623
84,Jimmy Butler\butleji01,SF,31,MIA,366,497,245,538,514,863,359,369,108,18,109,71,1116
85,Bruno Caboclo\cabocbr01,PF,25,HOU,8,471,0,667,471,500,14,1,0,2,4,6,17
86,Devontae Cacok\cacokde01,PF,24,LAL,17,586,,586,586,455,32,1,5,4,5,8,39
87,Kentavious Caldwell-Pope\caldwke01,SG,27,LAL,218,431,410,460,549,866,179,127,62,26,66,114,653
88,Facundo Campazzo\campafa01,PG,29,DEN,120,381,352,444,502,879,134,232,79,14,73,132,396
89,Vlatko Čančar\cancavl01,PF,23,DEN,33,458,273,615,521,769,50,14,11,2,14,18,85
90,Devin Cannady\cannade01,PG,24,ORL,11,393,375,417,500,857,5,1,5,1,2,9,34
91,Clint Capela\capelca01,C,26,ATL,413,594,,594,594,573,903,49,44,129,73,145,956
92,Vernon Carey Jr.\careyve01,C,19,CHO,18,500,143,586,514,818,27,2,1,5,5,13,46
93,Jevon Carter\carteje01,PG,25,PHO,94,422,371,528,547,571,92,71,29,9,16,56,248
94,Wendell Carter Jr.\cartewe01,C,21,TOT,230,503,294,530,520,732,443,104,35,42,78,146,606
94,Wendell Carter Jr.\cartewe01,C,21,CHI,129,512,364,526,528,739,250,69,18,24,49,96,348
94,Wendell Carter Jr.\cartewe01,C,21,ORL,101,493,241,534,510,721,193,35,17,18,29,50,258
95,Michael Carter-Williams\cartemi01,SG,29,ORL,105,389,246,431,417,613,139,129,25,17,69,81,274
96,Alex Caruso\carusal01,PG,26,LAL,133,436,401,464,526,645,170,160,64,15,76,108,370
97,Willie Cauley-Stein\caulewi01,C,27,DAL,115,632,91,667,635,628,236,35,21,43,29,129,280
98,Chris Chiozza\chiozch01,PG,25,BRK,31,352,310,391,426,765,24,65,7,6,16,19,88
99,Marquese Chriss\chrisma01,PF,23,GSW,5,357,200,444,393,500,13,2,0,2,2,3,13
100,Gary Clark\clarkga01,SF-PF,26,TOT,40,303,287,375,420,800,115,31,13,7,17,35,119
100,Gary Clark\clarkga01,SF,26,ORL,40,305,287,391,424,800,112,30,12,7,17,34,119
100,Gary Clark\clarkga01,SF,26,DEN,0,,,,,,1,0,0,0,0,0,0
100,Gary Clark\clarkga01,PF,26,PHI,0,0,,0,0,,2,1,1,0,0,1,0
101,Brandon Clarke\clarkbr01,PF,24,MEM,256,517,260,565,537,690,328,95,60,51,33,84,610
102,Jordan Clarkson\clarkjo01,SG,28,UTA,457,425,347,523,522,896,274,168,61,10,115,110,1251
103,Nicolas Claxton\claxtni01,C,21,BRK,90,621,200,636,624,484,166,28,23,40,18,68,212
104,Amir Coffey\coffeam01,SG,23,LAC,45,437,411,468,549,711,44,22,10,0,15,30,140
105,John Collins\collijo01,PF,23,ATL,429,556,399,615,610,833,467,78,34,63,84,193,1111
106,Mike Conley\conlemi01,PG,33,UTA,284,444,412,479,552,852,177,305,70,9,99,98,827
107,Pat Connaughton\connapa01,SG,28,MIL,168,434,371,583,565,775,332,81,49,23,33,99,468
108,Quinn Cook\cookqu01,PG,27,TOT,29,426,423,429,507,875,17,18,4,1,7,10,76
108,Quinn Cook\cookqu01,PG,27,LAL,12,462,385,538,558,800,5,5,1,1,3,2,33
108,Quinn Cook\cookqu01,PG,27,CLE,17,405,462,379,476,1.000,12,13,3,0,4,8,43
109,Tyler Cook\cookty01,SF-PF,23,TOT,69,670,500,673,675,486,95,17,8,2,21,35,156
109,Tyler Cook\cookty01,PF,23,BRK,1,333,,333,333,,2,2,0,0,1,2,2
109,Tyler Cook\cookty01,SF,23,DET,68,680,500,684,685,486,93,15,8,2,20,33,154
110,DeMarcus Cousins\couside01,C,30,TOT,130,426,348,488,503,728,263,76,34,24,64,107,366
110,DeMarcus Cousins\couside01,C,30,HOU,79,376,336,426,469,746,191,60,21,18,39,74,241
110,DeMarcus Cousins\couside01,C,30,LAC,51,537,421,566,579,682,72,16,13,6,25,33,125
111,Robert Covington\covinro01,PF,30,POR,204,401,379,451,533,806,466,117,101,84,64,195,593
112,Torrey Craig\craigto01,SF,30,TOT,109,480,368,579,566,773,197,49,28,26,25,83,274
112,Torrey Craig\craigto01,SF,30,MIL,18,391,364,417,478,500,43,16,9,7,5,24,45
112,Torrey Craig\craigto01,SF,30,PHO,91,503,369,619,588,800,154,33,19,19,20,59,229
113,Jae Crowder\crowdja01,PF,30,PHO,199,404,389,455,555,760,282,127,48,27,55,125,603
114,Jarrett Culver\culveja01,SG,21,MIN,69,411,245,487,449,604,104,24,17,9,28,58,180
115,Seth Curry\curryse01,SG,30,PHI,258,467,450,485,582,896,136,155,44,8,65,96,711
116,Stephen Curry\curryst01,PG,32,GSW,658,482,421,569,605,916,345,363,77,8,213,119,2015
117,Nate Darling\darlina01,SG,22,CHO,2,286,286,,429,1.000,1,1,0,1,1,1,9
118,Anthony Davis\davisan02,PF,27,LAL,301,491,260,536,512,738,286,110,45,59,74,60,786
119,Ed Davis\davised01,C,31,MIN,19,432,,432,432,833,115,21,13,13,7,56,48
120,Terence Davis\daviste02,SG,23,TOT,195,428,367,513,535,818,154,83,44,14,63,97,533
120,Terence Davis\daviste02,SG,23,TOR,87,414,361,489,519,889,66,37,17,7,29,48,234
120,Terence Davis\daviste02,SG,23,SAC,108,439,372,535,549,784,88,46,27,7,34,49,299
121,Gabriel Deck\deckga01,PF,25,OKC,32,478,133,577,493,818,40,24,8,0,6,9,84
122,Dewayne Dedmon\dedmode01,C,31,MIA,46,708,200,750,715,741,86,12,9,6,13,36,113
123,Matthew Dellavedova\dellama01,PG,30,CLE,14,250,160,323,286,1.000,24,58,4,1,6,21,36
124,DeMar DeRozan\derozde01,PF,31,SAS,455,495,257,515,505,880,259,422,56,15,119,128,1316
125,Mamadi Diakite\diakima01,PF,24,MIL,16,400,125,469,413,786,34,8,7,6,3,16,44
126,Hamidou Diallo\diallha01,SG-SF,22,TOT,224,477,341,505,506,640,272,101,41,24,76,134,604
126,Hamidou Diallo\diallha01,SG,22,OKC,143,481,293,512,502,629,165,77,31,12,49,83,381
126,Hamidou Diallo\diallha01,SF,22,DET,81,468,390,492,514,662,107,24,10,12,27,51,223
127,Gorgui Dieng\dienggo01,C,31,TOT,85,521,429,591,613,866,140,48,26,16,32,56,258
127,Gorgui Dieng\dienggo01,C,31,MEM,56,519,479,550,625,884,98,29,17,14,22,38,173
127,Gorgui Dieng\dienggo01,C,31,SAS,29,527,318,667,591,833,42,19,9,2,10,18,85
128,Spencer Dinwiddie\dinwisp01,SG,27,BRK,6,375,286,444,438,1.000,13,9,2,1,5,4,20
129,Donte DiVincenzo\divindo01,SG,24,MIL,253,420,379,475,528,718,380,203,72,15,91,112,688
130,Luka Dončić\doncilu01,PG,21,DAL,647,479,350,567,550,730,527,567,64,36,281,152,1830
131,Luguentz Dort\dortlu01,SG,21,OKC,247,387,343,432,475,744,189,88,45,19,79,134,729
132,Damyean Dotson\dotsoda01,SG,26,CLE,119,406,289,545,485,667,93,91,16,4,42,42,308
133,Devon Dotson\dotsode01,PG,21,CHI,11,524,143,714,548,,5,7,4,0,0,3,23
134,Sekou Doumbouya\doumbse01,PF,20,DET,107,379,226,485,426,703,143,47,24,9,44,94,285
135,PJ Dozier\doziepj01,SG,24,DEN,148,417,315,490,483,636,182,92,31,22,46,86,385
136,Goran Dragić\dragigo01,PG,34,MIA,240,432,373,479,514,828,169,219,33,8,118,113,672
137,Andre Drummond\drumman01,C,27,TOT,282,493,0,500,493,600,551,94,63,49,124,149,687
137,Andre Drummond\drumman01,C,27,CLE,180,474,0,484,474,597,337,64,40,29,81,69,437
137,Andre Drummond\drumman01,C,27,LAL,102,531,,531,531,605,214,30,23,20,43,80,250
138,Jared Dudley\dudleja01,PF,35,LAL,2,222,333,0,333,,21,5,1,1,2,7,6
139,Kris Dunn\dunnkr01,PG,26,ATL,1,83,0,100,83,750,6,2,2,2,3,10,5
140,Kevin Durant\duranke01,PF,32,BRK,324,537,450,577,608,882,247,195,25,45,120,70,943
141,Anthony Edwards\edwaran01,SG,19,MIN,505,417,329,483,488,776,336,211,82,36,160,129,1392
142,Carsen Edwards\edwarca01,SG,22,BOS,47,423,286,604,505,846,26,14,7,1,7,25,123
143,CJ Elleby\ellebcj01,SF,20,POR,25,379,206,563,432,733,32,10,6,3,5,27,68
144,Henry Ellenson\ellenhe01,PF,24,TOR,5,357,222,600,429,750,12,5,0,0,0,7,15
145,Wayne Ellington\ellinwa01,SG,33,DET,149,441,422,524,612,800,85,67,18,9,33,59,442
146,Joel Embiid\embiijo01,C,26,PHI,461,513,377,541,545,859,539,145,50,69,159,123,1451
147,James Ennis\ennisja01,SF,30,ORL,115,473,433,504,566,805,166,62,32,7,36,84,345
148,Drew Eubanks\eubandr01,C,23,SAS,116,566,1.000,562,571,726,241,42,18,49,45,88,311
149,Dante Exum\exumda01,SG,25,CLE,10,385,182,533,423,500,17,13,4,2,7,9,23
150,Tacko Fall\fallta01,C,25,BOS,21,724,,724,724,333,52,3,1,20,6,22,47
151,Derrick Favors\favorde01,C,29,UTA,155,638,0,643,638,738,376,44,32,68,36,143,369
152,Cristiano Felício\feliccr01,C,28,CHI,7,538,0,636,538,563,26,9,4,0,4,10,23
153,Terrance Ferguson\fergute01,SG,22,PHI,1,143,0,500,143,,1,2,1,0,4,7,2
154,Bruno Fernando\fernabr01,C,22,ATL,18,409,0,429,409,682,78,10,4,3,21,23,51
155,Yogi Ferrell\ferreyo01,PG,27,TOT,20,351,321,379,430,778,19,22,7,3,3,11,56
155,Yogi Ferrell\ferreyo01,PG,27,CLE,8,381,333,417,452,0,7,5,3,1,3,4,19
155,Yogi Ferrell\ferreyo01,PG,27,LAC,12,333,316,353,417,1.000,12,17,4,2,0,7,37
156,Dorian Finney-Smith\finnedo01,PF,27,DAL,220,472,394,616,600,756,326,102,52,25,48,138,590
157,Malik Fitts\fittsma01,PF,23,LAC,1,333,500,0,500,,3,0,0,0,0,3,3
158,Malachi Flynn\flynnma01,PG,22,TOR,127,374,321,424,453,804,116,137,38,7,43,68,353
159,Bryn Forbes\forbebr01,SG,27,MIL,250,473,452,511,618,770,112,45,24,1,44,77,701
160,Trent Forrest\forretr01,PG,22,UTA,32,451,192,600,486,1.000,44,45,9,4,21,22,88
161,Evan Fournier\fournev01,SF-SG,28,TOT,247,457,413,504,565,788,128,144,47,19,73,96,719
161,Evan Fournier\fournev01,SF,28,ORL,170,461,388,536,560,797,75,95,27,9,54,55,511
161,Evan Fournier\fournev01,SG,28,BOS,77,448,463,429,576,714,53,49,20,10,19,41,208
162,De'Aaron Fox\foxde01,PG,23,SAC,529,477,322,539,523,719,203,417,87,27,174,170,1461
163,Robert Franks\frankro01,PF,24,ORL,13,464,333,615,554,923,14,5,3,3,2,8,43
164,Tim Frazier\fraziti01,PG,30,MEM,3,150,0,250,150,333,8,16,2,1,4,7,8
165,Markelle Fultz\fultzma01,PG,22,ORL,41,394,250,420,413,895,25,43,8,2,18,18,103
166,Wenyen Gabriel\gabriwe01,PF,23,NOP,24,400,406,393,508,647,54,11,9,8,15,32,72
167,Daniel Gafford\gaffoda01,PF-C,22,TOT,154,684,,684,684,667,231,29,26,75,41,98,380
167,Daniel Gafford\gaffoda01,PF,22,CHI,60,690,,690,690,659,103,17,11,34,22,54,147
167,Daniel Gafford\gaffoda01,C,22,WAS,94,681,,681,681,672,128,12,15,41,19,44,233
168,Danilo Gallinari\gallida01,PF,32,ATL,206,434,406,466,542,925,211,76,30,10,43,105,676
169,Langston Galloway\gallola01,SG,29,PHO,66,449,424,484,571,957,42,26,8,0,13,25,190
170,Darius Garland\garlada01,PG,21,CLE,362,451,395,479,517,848,129,329,66,6,164,110,941
171,Marc Gasol\gasolma01,C,36,LAL,88,454,410,528,582,720,215,109,26,58,53,115,262
172,Rudy Gay\gayru01,PF,34,SAS,264,420,381,451,505,804,303,88,45,40,65,115,716
173,Paul George\georgpa01,SF,30,LAC,445,467,411,510,557,868,359,280,62,24,179,132,1259
174,Taj Gibson\gibsota01,PF,35,NYK,99,627,200,671,636,727,250,36,31,49,22,99,241
175,Harry Giles\gilesha01,C,22,POR,42,433,348,459,474,593,133,29,8,13,20,54,108
176,Shai Gilgeous-Alexander\gilgesh01,SG,22,OKC,287,508,418,547,571,808,166,207,27,23,106,70,830
177,Anthony Gill\gillan01,PF,28,WAS,30,500,292,639,558,813,51,11,10,4,8,27,80
178,Freddie Gillespie\gillefr01,PF,23,TOR,44,524,,524,524,697,97,9,13,20,12,43,111
179,Rudy Gobert\goberru01,C,28,UTA,391,675,0,680,675,623,960,89,40,190,118,163,1015
180,Brandon Goodwin\goodwbr01,PG,25,ATL,84,377,311,433,448,651,69,95,17,0,36,41,228
181,Aaron Gordon\gordoaa01,PF,25,TOT,231,463,335,533,522,651,284,161,33,34,97,89,618
181,Aaron Gordon\gordoaa01,PF,25,ORL,128,437,375,475,509,629,166,105,16,20,67,49,364
181,Aaron Gordon\gordoaa01,PF,25,DEN,103,500,266,606,541,705,118,56,17,14,30,40,254
182,Eric Gordon\gordoer01,SG,32,HOU,159,433,329,573,527,825,58,71,14,13,51,44,481
183,Devonte' Graham\grahade01,PG,25,CHO,252,377,375,380,510,842,148,295,48,6,84,77,816
184,Jerami Grant\grantje01,SF,26,DET,400,429,350,473,491,845,250,152,35,58,109,125,1205
185,Danny Green\greenda02,SF,33,PHI,224,412,405,438,573,775,260,118,92,56,67,125,654
186,Draymond Green\greendr01,PF,30,GSW,170,447,270,535,492,795,449,558,105,52,188,194,444
187,JaMychal Green\greenja01,PF,30,DEN,173,463,399,534,568,807,277,53,26,22,53,144,471
188,Javonte Green\greenja02,SG-PG,27,TOT,53,520,333,597,569,750,71,17,28,6,19,45,146
188,Javonte Green\greenja02,SG,27,BOS,39,549,318,653,599,667,52,11,18,2,13,32,105
188,Javonte Green\greenja02,PG,27,CHI,14,452,375,478,500,1.000,19,6,10,4,6,13,41
189,Jeff Green\greenje02,C,34,BRK,261,492,412,564,590,776,263,108,36,27,54,122,750
190,Josh Green\greenjo02,SG,20,DAL,42,452,160,559,473,565,78,28,16,3,17,35,101
191,Blake Griffin\griffbl01,PF,31,TOT,174,423,341,505,509,744,225,140,32,15,62,111,505
191,Blake Griffin\griffbl01,PF,31,DET,81,365,315,429,453,710,104,77,14,2,32,42,245
191,Blake Griffin\griffbl01,PF,31,BRK,93,492,383,574,574,782,121,63,18,13,30,69,260
192,Kyle Guy\guyky01,PG,23,SAC,29,330,283,381,403,800,35,32,6,0,11,20,87
193,Rui Hachimura\hachiru01,PF,22,WAS,310,478,328,519,513,770,312,82,44,7,68,120,789
194,Ashton Hagans\haganas01,PG,21,MIN,0,,,,,,0,0,0,0,1,0,0
195,Tyrese Haliburton\halibty01,PG,20,SAC,292,472,409,529,569,857,173,309,77,28,92,83,753
196,Donta Hall\halldo01,PF,23,ORL,25,714,,714,714,676,62,11,5,10,8,18,73
197,Josh Hall\halljo01,SF,20,OKC,30,303,108,419,323,500,59,28,4,1,25,37,86
198,R.J. Hampton\hamptrj01,SG-PG,19,TOT,136,435,310,482,478,671,179,87,21,10,53,61,354
198,R.J. Hampton\hamptrj01,PG,19,DEN,25,417,278,476,458,750,50,14,5,2,11,22,64
198,R.J. Hampton\hamptrj01,SG,19,ORL,111,439,319,484,482,657,129,73,16,8,42,39,290
199,Tim Hardaway Jr.\hardati02,SG,28,DAL,407,447,391,524,560,816,229,126,31,11,64,111,1163
200,James Harden\hardeja01,PG-SG,31,TOT,342,466,362,553,548,861,348,475,53,33,177,99,1083
200,James Harden\hardeja01,SG,31,HOU,60,444,347,556,537,883,41,83,7,6,34,14,198
200,James Harden\hardeja01,PG,31,BRK,282,471,366,552,551,856,307,392,46,27,143,85,885
201,Maurice Harkless\harklma01,PF-SF,27,TOT,69,418,274,568,488,767,89,44,30,20,22,86,194
201,Maurice Harkless\harklma01,SF,27,MIA,5,385,455,0,577,0,13,7,2,4,3,14,15
201,Maurice Harkless\harklma01,PF,27,SAC,64,421,247,582,480,805,76,37,28,16,19,72,179
202,Jared Harper\harpeja01,PG,23,NYK,0,0,0,0,0,750,2,1,0,0,3,1,3
203,Montrezl Harrell\harremo01,C,27,LAL,375,622,0,632,622,707,428,73,46,49,74,128,931
204,Gary Harris\harriga01,SG,26,TOT,138,400,340,441,470,821,79,78,28,11,37,71,388
204,Gary Harris\harriga01,SG,26,DEN,69,442,320,556,519,733,47,32,17,4,14,37,184
204,Gary Harris\harriga01,SG,26,ORL,69,365,364,366,429,875,32,46,11,7,23,34,204
205,Jalen Harris\harrija01,SG,22,TOR,36,500,472,528,618,778,18,17,8,0,14,15,96
206,Joe Harris\harrijo01,SF,29,BRK,357,505,475,555,654,778,248,130,46,14,62,141,974
207,Tobias Harris\harrito02,PF,28,PHI,473,512,394,546,556,892,419,220,55,51,107,119,1210
208,Shaquille Harrison\harrish01,SG,27,TOT,26,333,188,371,353,818,48,25,17,5,11,33,73
208,Shaquille Harrison\harrish01,SG,27,UTA,6,300,0,333,300,833,9,9,2,0,5,3,17
208,Shaquille Harrison\harrish01,SG,27,DEN,20,345,214,386,371,813,39,16,15,5,6,30,56
209,Josh Hart\hartjo01,SF,25,NOP,151,439,326,583,531,775,377,109,38,12,49,111,434
210,Isaiah Hartenstein\harteis01,C,22,TOT,94,550,333,558,556,648,181,55,19,39,44,104,236
210,Isaiah Hartenstein\harteis01,C,22,DEN,41,513,,513,513,611,85,15,11,20,21,59,104
210,Isaiah Hartenstein\harteis01,C,22,CLE,53,582,333,600,593,686,96,40,8,19,23,45,132
211,Udonis Haslem\hasleud01,C,40,MIA,2,1.000,,1.000,1.000,,1,0,0,0,0,0,4
212,Jaxson Hayes\hayesja02,C,20,NOP,175,625,429,635,636,775,257,35,25,38,39,101,449
213,Killian Hayes\hayeski01,PG,19,DET,71,353,278,395,403,824,69,138,27,10,83,57,176
214,Gordon Hayward\haywago01,SF,30,CHO,311,473,415,499,537,843,258,181,52,14,91,74,863
215,Juan Hernangómez\hernaju01,PF,25,MIN,130,435,327,573,527,619,205,35,19,7,27,52,375
216,Willy Hernangómez\hernawi01,C,26,NOP,151,563,100,581,565,667,334,50,22,23,34,68,365
217,Tyler Herro\herroty01,SG,21,MIA,307,439,360,498,516,803,268,184,35,17,101,71,815
218,Buddy Hield\hieldbu01,SG,28,SAC,403,406,391,446,548,846,334,257,63,30,130,175,1176
219,George Hill\hillge01,PG,34,TOT,95,482,388,547,561,800,61,73,23,5,31,31,261
219,George Hill\hillge01,PG,34,OKC,61,508,386,619,600,840,29,43,12,2,12,12,165
219,George Hill\hillge01,PG,34,PHI,34,442,391,463,500,760,32,30,11,3,19,19,96
220,Solomon Hill\hillso01,PF,29,ATL,107,359,321,453,473,761,214,75,50,11,42,116,317
221,Nate Hinton\hintona01,SG,21,DAL,15,357,211,478,405,700,9,8,7,2,5,8,41
222,Jaylen Hoard\hoardja01,SF,21,OKC,44,500,0,571,500,683,65,24,13,5,17,19,116
223,Aaron Holiday\holidaa01,PG,24,IND,170,390,368,406,467,819,89,123,46,13,66,94,475
224,Jrue Holiday\holidjr01,PG,30,MIL,414,503,392,561,570,787,268,357,96,37,127,98,1046
225,Justin Holiday\holidju01,SG,31,IND,258,413,382,494,551,788,256,119,74,41,54,135,756
226,Rondae Hollis-Jefferson\holliro01,PF,26,POR,9,500,0,529,500,563,26,13,2,4,2,15,27
227,Richaun Holmes\holmeri01,C,27,SAC,366,637,182,645,638,794,504,101,39,96,75,213,869
228,Rodney Hood\hoodro01,SF,28,TOT,94,362,301,408,427,857,103,53,24,7,36,74,246
228,Rodney Hood\hoodro01,SF,28,POR,73,363,298,410,425,750,73,47,20,4,31,59,180
228,Rodney Hood\hoodro01,SF,28,TOR,21,356,310,400,432,938,30,6,4,3,5,15,66
229,Al Horford\horfoal01,C,34,OKC,162,450,368,510,528,818,188,94,25,26,29,48,398
230,Talen Horton-Tucker\hortota01,SG,20,LAL,224,458,282,522,496,775,169,181,63,21,105,127,585
231,Danuel House\houseda01,SF,27,HOU,110,404,346,483,504,651,132,69,20,16,36,67,315
232,Dwight Howard\howardw01,C,35,PHI,178,587,250,611,596,576,580,61,30,62,112,200,482
233,Markus Howard\howarma02,SG,21,DEN,40,377,277,537,462,778,21,18,4,1,18,23,105
234,Kevin Huerter\huertke01,SG,22,ATL,316,432,363,510,528,781,231,241,82,18,79,165,822
235,Elijah Hughes\hugheel01,SF,22,UTA,10,333,348,286,467,750,9,6,1,1,6,1,31
236,De'Andre Hunter\huntede01,SF,23,ATL,120,484,326,582,546,859,110,44,19,12,29,59,344
237,Chandler Hutchison\hutchch01,SF,24,TOT,39,379,364,383,417,840,78,17,12,5,20,33,107
237,Chandler Hutchison\hutchch01,SF,24,CHI,5,278,333,267,306,1.000,20,4,1,0,5,9,13
237,Chandler Hutchison\hutchch01,SF,24,WAS,34,400,368,409,441,826,58,13,11,5,15,24,94
238,Serge Ibaka\ibakase01,C,31,LAC,186,510,339,588,563,811,275,74,9,47,44,76,454
239,Andre Iguodala\iguodan01,SF,37,MIA,95,383,330,530,504,658,221,142,57,35,67,90,275
240,Ersan İlyasova\ilyaser01,PF,33,UTA,21,389,439,231,556,1.000,29,4,10,3,8,29,65
241,Joe Ingles\inglejo01,SF,33,UTA,275,489,451,590,652,844,244,318,45,12,117,120,809
242,Brandon Ingram\ingrabr01,SF,23,NOP,513,466,381,510,531,878,299,296,42,36,154,124,1450
243,Kyrie Irving\irvinky01,PG,28,BRK,549,506,402,561,576,922,257,324,76,37,130,140,1451
244,Wesley Iwundu\iwundwe01,SF,26,TOT,34,333,122,475,358,839,90,18,15,4,19,49,99
244,Wesley Iwundu\iwundwe01,SF,26,DAL,17,327,130,483,356,857,44,10,9,3,6,26,49
244,Wesley Iwundu\iwundwe01,SF,26,NOP,17,340,111,469,360,824,46,8,6,1,13,23,50
245,Frank Jackson\jacksfr01,PG,22,DET,134,457,407,510,561,813,86,36,15,1,34,53,390
246,Jaren Jackson Jr.\jacksja02,C,21,MEM,53,424,283,554,492,833,62,12,12,18,15,42,158
247,Josh Jackson\jacksjo02,SG,23,DET,296,419,300,487,473,729,254,143,53,47,142,178,828
248,Justin Jackson\jacksju01,SF,25,TOT,89,403,308,510,484,838,77,52,15,2,32,32,245
248,Justin Jackson\jacksju01,SF,25,OKC,86,406,306,515,486,857,71,51,15,2,31,31,236
248,Justin Jackson\jacksju01,SF,25,MIL,3,333,333,333,444,500,6,1,0,0,1,1,9
249,Reggie Jackson\jacksre01,SG,30,LAC,263,450,433,465,554,817,192,205,41,7,74,127,715
250,Justin James\jamesju01,SF,24,SAC,52,468,368,521,532,583,30,22,8,3,15,23,139
251,LeBron James\jamesle01,PG,36,LAL,422,513,365,591,576,698,346,350,48,25,168,70,1126
252,Mike James\jamesmi02,PG,30,BRK,34,370,355,377,429,778,32,54,6,1,20,10,100
253,DaQuan Jeffries\jeffrda01,SG,23,TOT,50,417,299,566,500,875,71,22,15,10,14,48,127
253,DaQuan Jeffries\jeffrda01,SG,23,SAC,24,421,321,517,500,857,29,6,7,4,8,23,63
253,DaQuan Jeffries\jeffrda01,SG,23,HOU,26,413,282,625,500,1.000,42,16,8,6,6,25,64
254,Ty Jerome\jeromty01,SG,23,OKC,128,446,423,479,570,765,91,120,20,6,47,61,353
255,Isaiah Joe\joeis01,SG,21,PHI,48,361,368,333,508,750,36,20,12,4,11,34,153
256,Alize Johnson\johnsal02,PF,24,BRK,40,588,167,629,596,1.000,90,14,5,5,9,16,94
257,Cameron Johnson\johnsca02,PF,24,PHO,203,420,349,581,541,847,199,86,37,16,40,85,573
258,James Johnson\johnsja01,PF,33,TOT,146,446,258,556,494,592,177,98,42,42,55,120,368
258,James Johnson\johnsja01,PF,33,DAL,67,462,250,612,514,586,86,50,24,23,27,59,166
258,James Johnson\johnsja01,PF,33,NOP,79,434,267,516,478,596,91,48,18,19,28,61,202
259,Keldon Johnson\johnske04,SF,21,SAS,338,479,331,531,522,740,412,121,40,24,78,142,881
260,Stanley Johnson\johnsst04,PF,24,TOR,89,382,328,458,479,800,153,89,52,18,54,116,267
261,Tyler Johnson\johnsty01,SG,28,BRK,72,393,364,471,525,857,77,47,14,0,17,43,210
262,Nikola Jokić\jokicni01,C,25,DEN,732,566,388,606,602,868,780,599,95,48,222,192,1898
263,Damian Jones\jonesda03,C,25,TOT,70,680,200,704,684,724,121,29,11,29,26,77,183
263,Damian Jones\jonesda03,C,25,PHO,8,500,0,533,500,545,18,4,1,5,6,19,22
263,Damian Jones\jonesda03,C,25,LAL,16,941,,941,941,917,26,1,1,7,5,22,43
263,Damian Jones\jonesda03,C,25,SAC,46,657,250,682,664,714,77,24,9,17,15,36,118
264,Derrick Jones Jr.\jonesde02,SF,23,POR,147,484,316,619,554,648,205,47,37,54,32,127,396
265,Mason Jones\jonesma05,SG,22,TOT,52,423,364,491,520,625,55,42,7,1,29,24,168
265,Mason Jones\jonesma05,SG,22,HOU,47,412,359,480,513,614,51,39,6,1,28,22,152
265,Mason Jones\jonesma05,SG,22,PHI,5,556,500,571,611,714,4,3,1,0,1,2,16
266,Tre Jones\jonestr01,PG,21,SAS,37,474,600,466,494,895,21,39,8,0,13,13,94
267,Tyus Jones\jonesty01,PG,24,MEM,178,431,321,487,485,911,140,259,64,6,48,31,442
268,DeAndre Jordan\jordade01,C,32,BRK,190,763,0,766,763,500,427,93,17,65,85,116,426
269,Cory Joseph\josepco01,PG,29,TOT,200,469,341,527,522,818,159,213,61,18,79,139,517
269,Cory Joseph\josepco01,PG,29,SAC,111,444,330,513,506,766,99,108,39,9,44,98,289
269,Cory Joseph\josepco01,PG,29,DET,89,506,368,543,545,878,60,105,22,9,35,41,228
270,Mfiondu Kabengele\kabenmf01,PF,23,TOT,33,371,260,513,444,800,60,17,8,13,15,36,95
270,Mfiondu Kabengele\kabenmf01,PF,23,LAC,9,281,222,357,344,833,14,5,2,3,6,18,27
270,Mfiondu Kabengele\kabenmf01,PF,23,CLE,24,421,281,600,500,786,46,12,6,10,9,18,68
271,Frank Kaminsky\kaminfr01,C,27,PHO,121,471,365,523,531,617,188,79,14,17,22,70,310
272,Enes Kanter\kanteen01,C,28,POR,339,604,250,607,605,774,795,84,33,48,78,168,806
273,Luke Kennard\kennalu01,SG,24,LAC,197,476,446,511,597,839,161,104,23,9,48,91,520
274,Louis King\kinglo02,SF,21,SAC,17,500,364,565,559,1.000,18,9,7,3,4,9,44
275,Maxi Kleber\klebima01,PF,29,DAL,116,422,410,460,580,919,260,68,24,35,30,105,353
276,Nathan Knight\knighna01,PF,23,ATL,37,370,182,463,400,800,72,8,9,10,15,22,124
277,Kevin Knox\knoxke01,SF,21,NYK,56,392,393,389,514,800,61,19,12,6,17,37,163
278,John Konchar\konchjo01,SG,24,MEM,69,500,375,585,576,833,128,47,30,9,18,40,184
279,Furkan Korkmaz\korkmfu01,SG,23,PHI,170,401,375,445,520,732,113,82,49,9,46,64,501
280,Luke Kornet\kornelu01,C-PF,25,TOT,44,436,254,690,510,500,67,24,4,32,7,20,106
280,Luke Kornet\kornelu01,PF,25,CHI,9,333,261,750,444,500,15,4,2,7,1,1,26
280,Luke Kornet\kornelu01,C,25,BOS,35,473,250,684,534,500,52,20,2,25,6,19,80
281,Rodions Kurucs\kurucro01,SF-PF,22,TOT,11,344,286,455,438,750,23,10,9,4,13,16,31
281,Rodions Kurucs\kurucro01,PF,22,BRK,1,333,500,0,500,,3,2,0,0,0,1,3
281,Rodions Kurucs\kurucro01,SF,22,HOU,5,238,133,500,286,500,11,4,6,4,9,7,13
281,Rodions Kurucs\kurucro01,SF,22,MIL,5,625,750,500,813,1.000,9,4,3,0,4,8,15
282,Kyle Kuzma\kuzmaky01,SF,25,LAL,335,443,361,525,533,691,417,127,35,41,113,121,874
283,Anthony Lamb\lamban01,SF,23,HOU,46,390,324,489,487,857,70,23,6,5,19,34,133
284,Jeremy Lamb\lambje01,SG,28,IND,120,435,406,459,529,947,131,53,34,23,22,72,363
285,Romeo Langford\langfro01,SG,21,BOS,21,356,278,390,398,750,35,13,6,5,10,24,56
286,Zach LaVine\lavinza01,SG,25,CHI,569,507,419,571,596,849,289,282,46,27,203,138,1591
287,Jake Layman\laymaja01,SF,26,MIN,91,495,295,642,557,703,67,28,29,19,26,44,231
288,T.J. Leaf\leaftj01,PF,23,POR,5,500,,500,500,1.000,5,1,2,1,2,1,12
289,Jalen Lecque\lecquja01,PG,20,IND,1,111,0,125,111,1.000,5,2,0,0,0,0,5
290,Damion Lee\leeda03,SG,28,GSW,128,467,397,638,608,909,180,73,38,8,30,89,373
291,Saben Lee\leesa01,PG,21,DET,99,471,348,487,490,685,97,174,32,13,55,76,267
292,Alex Len\lenal01,C,27,TOT,171,615,320,644,629,629,260,49,20,64,55,127,423
292,Alex Len\lenal01,C,27,TOR,5,500,500,500,650,500,11,3,1,6,8,10,16
292,Alex Len\lenal01,C,27,WAS,166,619,263,647,629,636,249,46,19,58,47,117,407
293,Kawhi Leonard\leonaka01,SF,29,LAC,465,512,398,557,568,885,337,269,81,21,105,82,1292
294,Meyers Leonard\leoname01,C,28,MIA,3,429,429,,643,500,7,2,0,0,2,5,10
295,Caris LeVert\leverca01,SG,26,TOT,359,441,326,495,493,811,214,245,66,30,102,105,948
295,Caris LeVert\leverca01,SG,26,BRK,87,435,349,474,490,765,52,72,13,6,26,20,222
295,Caris LeVert\leverca01,SG,26,IND,272,443,318,501,493,822,162,173,53,24,76,85,726
296,Kira Lewis Jr.\lewiski01,PG,19,NOP,130,386,333,415,445,843,71,124,38,10,34,88,343
297,Damian Lillard\lillada01,PG,30,POR,602,451,391,519,554,928,283,505,62,17,203,102,1928
298,Nassir Little\littlna01,PF,20,POR,78,467,350,575,551,800,128,23,5,13,18,51,220
299,Kevon Looney\looneke01,C,24,GSW,108,548,235,578,558,646,322,119,21,22,37,136,251
300,Brook Lopez\lopezbr01,C,32,MIL,322,503,338,632,577,845,347,50,40,103,64,149,859
301,Robin Lopez\lopezro01,C,32,WAS,269,633,278,649,639,723,272,55,15,44,75,109,642
302,Didi Louzada\louzama01,SF,21,NOP,3,231,250,200,308,,3,3,2,0,3,5,8
303,Kevin Love\loveke01,PF,32,CLE,103,409,365,479,522,824,186,63,16,2,38,26,305
304,Kyle Lowry\lowryky01,PG,34,TOR,260,436,396,487,546,875,247,338,45,14,126,143,791
305,Timothé Luwawu-Cabarrot\luwawti01,SF,25,BRK,130,365,314,470,471,814,129,69,33,6,43,99,370
306,Trey Lyles\lylestr01,PF,25,SAS,43,478,350,580,556,652,86,14,6,1,6,13,115
307,Will Magnay\magnawi01,C,22,NOP,0,0,0,,0,,0,0,0,0,1,1,0
308,Thon Maker\makerth01,C,23,CLE,10,556,0,625,556,909,18,4,2,4,3,7,30
309,Théo Maledon\maledth01,PG,19,OKC,226,368,335,402,454,748,211,227,56,11,141,126,658
310,Karim Mané\maneka01,PG,20,ORL,3,231,500,182,269,800,14,4,0,2,3,10,11
311,Terance Mann\mannte01,SG,24,LAC,178,509,418,541,563,830,242,104,29,13,40,126,472
312,Nico Mannion\mannini01,PG,19,GSW,39,342,367,315,439,821,46,70,16,1,31,29,123
313,Boban Marjanović\marjabo01,C,32,DAL,62,508,125,535,512,816,128,10,2,6,12,29,156
314,Lauri Markkanen\markkla01,PF,23,CHI,250,480,402,582,594,826,268,45,26,15,52,75,695
315,Naji Marshall\marshna01,SF,23,NOP,82,392,349,421,462,707,148,88,26,10,38,58,246
316,Caleb Martin\martica02,SF,25,CHO,96,375,248,496,436,641,141,67,37,12,33,62,264
317,Cody Martin\martico01,SF,25,CHO,83,441,276,515,484,581,161,86,37,12,40,52,207
318,Jeremiah Martin\martije02,PG,24,CLE,9,273,250,286,318,200,7,4,5,2,6,1,22
319,Kelan Martin\martike03,SF,25,IND,62,449,400,487,536,900,78,17,10,10,16,35,157
320,Kenyon Martin Jr.\martike04,SF,20,HOU,162,509,365,572,564,714,242,48,30,41,38,89,419
321,Frank Mason III\masonfr01,PG,26,ORL,9,375,400,368,417,714,12,12,0,0,5,7,25
322,Garrison Mathews\mathega01,SG,24,WAS,97,409,384,538,570,884,87,26,29,7,10,106,354
323,Dakota Mathias\mathida01,SG,25,PHI,19,396,308,500,479,333,7,13,1,3,1,7,48
324,Wesley Matthews\matthwe02,SG,34,LAL,89,353,335,418,484,854,93,54,38,17,26,80,279
325,Tyrese Maxey\maxeyty01,SG,20,PHI,198,462,301,512,498,871,104,120,26,13,41,79,488
326,Skylar Mays\mayssk01,SG,23,ATL,44,449,350,517,520,880,35,30,14,2,9,15,124
327,Patrick McCaw\mccawpa01,SF,25,TOR,1,1.000,,1.000,1.000,1.000,3,4,2,0,0,6,5
328,CJ McCollum\mccolcj01,SG,29,POR,405,458,402,509,554,812,185,223,44,21,65,87,1087
329,T.J. McConnell\mccontj01,PG,28,IND,274,559,313,586,574,688,256,456,128,23,135,113,596
330,Jaden McDaniels\mcdanja02,PF,20,MIN,164,447,364,544,545,600,232,71,35,60,47,172,427
331,Jalen McDaniels\mcdanja01,SF,23,CHO,133,468,333,547,530,703,169,53,28,19,45,95,346
332,Doug McDermott\mcderdo01,PF,29,IND,354,532,388,641,616,816,221,85,20,6,53,117,899
333,Sean McDermott\mcderse01,SF,24,MEM,13,394,227,727,470,1.000,19,4,2,3,4,8,39
334,JaVale McGee\mcgeeja01,C,33,TOT,144,511,208,539,520,657,239,39,19,54,60,121,337
334,JaVale McGee\mcgeeja01,C,33,CLE,112,521,250,549,533,655,170,33,16,40,45,80,265
334,JaVale McGee\mcgeeja01,C,33,DEN,32,478,0,508,478,667,69,6,3,14,15,41,72
335,Rodney McGruder\mcgruro01,SG,29,DET,37,529,458,565,607,750,22,16,8,1,7,12,91
336,Alfonzo McKinnie\mckinal01,SF,28,LAL,48,516,410,593,602,556,54,6,7,0,5,26,122
337,Jordan McLaughlin\mclaujo01,PG,24,MIN,100,413,359,447,481,767,108,193,51,6,51,44,256
338,Ben McLemore\mclembe01,SG,27,TOT,135,370,346,447,503,736,100,39,23,9,42,88,406
338,Ben McLemore\mclembe01,SG,27,HOU,80,357,331,431,480,719,66,28,20,3,28,51,238
338,Ben McLemore\mclembe01,SG,27,LAL,55,390,368,481,539,762,34,11,3,6,14,37,168
339,Nicolò Melli\mellini01,PF,30,TOT,46,326,271,411,408,760,122,44,14,3,12,58,134
339,Nicolò Melli\mellini01,PF,30,NOP,15,254,189,364,314,857,57,25,9,1,7,28,43
339,Nicolò Melli\mellini01,PF,30,DAL,31,378,333,441,476,722,65,19,5,2,5,30,91
340,De'Anthony Melton\meltode01,PG,22,MEM,172,438,412,467,548,804,161,132,60,31,66,85,472
341,Sam Merrill\merrisa01,SG,24,MIL,32,444,447,440,590,1.000,30,21,8,1,10,17,89
342,Chimezie Metu\metuch01,C,23,SAC,91,508,351,549,545,721,112,28,14,18,29,59,226
343,Khris Middleton\middlkh01,SF,29,MIL,511,476,414,508,546,898,406,370,74,9,178,160,1385
344,Darius Miller\milleda01,SF,30,OKC,22,458,405,833,635,1.000,24,21,13,5,8,13,73
345,Patty Mills\millspa02,PG,32,SAS,252,412,375,500,544,910,116,162,42,3,66,81,736
346,Paul Millsap\millspa01,PF,35,DEN,191,476,343,550,537,724,262,98,51,36,51,111,502
347,Shake Milton\miltosh01,SG,24,PHI,300,450,350,494,503,830,148,193,39,18,103,130,817
348,Donovan Mitchell\mitchdo01,PG,24,UTA,478,438,386,476,520,845,235,277,52,15,147,117,1401
349,Adam Mokoka\mokokad01,SG,22,CHI,7,368,100,667,395,0,5,5,2,1,5,5,15
350,Malik Monk\monkma01,SG,22,CHO,173,434,401,471,540,819,101,87,19,4,55,47,490
351,E'Twaun Moore\mooreet01,SG,31,PHO,55,455,314,512,500,857,45,40,15,5,23,32,133
352,Ja Morant\moranja01,PG,21,MEM,430,449,303,499,487,728,252,465,57,13,203,87,1204
353,Juwan Morgan\morgaju01,PF,23,UTA,14,467,308,588,533,429,28,9,4,1,4,21,35
354,Marcus Morris\morrima03,PF,31,LAC,276,473,473,472,592,820,234,58,34,15,57,117,765
355,Markieff Morris\morrima02,PF,31,LAL,153,405,311,521,491,720,266,73,22,19,54,105,407
356,Monte Morris\morrimo01,PG,25,DEN,186,481,381,534,547,795,96,150,34,13,34,48,481
357,Mychal Mulder\muldemy01,PG,26,GSW,119,449,397,667,609,636,60,26,12,12,16,56,337
358,Dejounte Murray\murrade01,PG,24,SAS,441,453,317,488,485,791,473,363,101,7,117,135,1051
359,Jamal Murray\murraja01,PG,23,DEN,378,477,408,523,559,869,194,231,64,13,108,95,1018
360,Mike Muscala\muscami01,C,29,OKC,119,446,370,614,573,917,132,28,8,11,21,54,339
361,Sviatoslav Mykhailiuk\mykhasv01,SF-SG,23,TOT,208,411,334,536,515,760,163,110,51,12,88,63,559
361,Sviatoslav Mykhailiuk\mykhasv01,SF,23,DET,84,377,333,519,504,800,74,57,27,6,39,33,249
361,Sviatoslav Mykhailiuk\mykhasv01,SG,23,OKC,124,438,336,543,523,700,89,53,24,6,49,30,310
362,Abdel Nader\naderab01,SF,27,PHO,57,491,419,534,569,757,62,19,10,9,19,34,160
363,Larry Nance Jr.\nancela02,PF,28,CLE,128,471,360,551,546,612,235,107,61,17,55,72,327
364,Aaron Nesmith\nesmiaa01,SF,21,BOS,78,438,370,543,551,786,127,23,15,9,23,87,218
365,Raul Neto\netora01,PG,28,WAS,209,468,390,512,539,882,156,146,73,6,53,109,557
366,Georges Niang\niangge01,PF,27,UTA,177,437,425,469,590,957,176,59,25,8,51,116,500
367,Zeke Nnaji\nnajize01,PF,20,DEN,50,481,407,578,596,800,65,10,8,4,7,29,136
368,Nerlens Noel\noelne01,C,26,NYK,137,614,0,623,614,714,408,46,70,141,65,176,324
369,Jaylen Nowell\nowelja01,SG,21,MIN,142,424,333,497,499,818,95,62,22,12,28,72,379
370,Frank Ntilikina\ntilila01,PG,22,NYK,29,367,479,194,513,444,31,19,18,4,11,45,89
371,Kendrick Nunn\nunnke01,PG,25,MIA,319,485,381,583,578,933,179,148,52,14,80,108,816
372,James Nunnally\nunnaja01,SF,30,NOP,5,385,333,1.000,538,500,9,3,0,0,2,1,15
373,Jusuf Nurkić\nurkiju01,C,26,POR,171,514,400,525,532,619,332,125,38,39,73,103,424
374,David Nwaba\nwabada01,SF,28,HOU,106,486,270,574,525,691,118,31,30,21,17,60,276
375,Jordan Nwora\nworajo01,SF,22,MIL,62,459,452,466,563,760,60,7,16,7,24,22,171
376,Royce O'Neale\onealro01,SF,27,UTA,175,444,385,586,580,848,485,181,57,32,83,182,496
377,Semi Ojeleye\ojelese01,PF,26,BOS,89,403,367,492,534,750,147,37,17,0,21,56,260
378,Jahlil Okafor\okafoja01,C,25,DET,63,618,222,656,627,708,66,13,6,5,21,39,145
379,Chuma Okeke\okekech01,PF,22,ORL,135,417,348,470,492,750,181,101,48,22,38,48,349
380,Josh Okogie\okogijo01,SG,22,MIN,102,402,269,500,459,769,156,63,54,28,43,123,316
381,Onyeka Okongwu\okongon01,C,20,ATL,96,644,0,658,644,632,163,18,23,33,29,100,228
382,Isaac Okoro\okorois01,SG,20,CLE,235,420,290,501,476,726,206,128,62,24,86,185,646
383,KZ Okpala\okpalkz01,PF,21,MIA,36,375,240,522,438,533,68,19,10,11,15,59,92
384,Victor Oladipo\oladivi01,SG,28,TOT,235,408,326,466,476,754,160,151,46,14,83,81,652
384,Victor Oladipo\oladivi01,SG,28,IND,64,421,362,470,503,730,51,38,15,2,18,23,180
384,Victor Oladipo\oladivi01,SG,28,HOU,155,407,320,465,471,783,95,99,24,10,51,45,424
384,Victor Oladipo\oladivi01,SG,28,MIA,16,372,235,462,419,667,14,14,7,2,14,13,48
385,Cameron Oliver\oliveca01,SF,24,HOU,19,576,308,750,636,250,21,5,2,4,3,11,43
386,Kelly Olynyk\olynyke01,C-PF,29,TOT,337,484,342,641,574,829,489,203,79,42,126,207,945
386,Kelly Olynyk\olynyke01,C,29,MIA,162,431,317,639,533,775,261,91,40,26,55,123,432
386,Kelly Olynyk\olynyke01,PF,29,HOU,175,545,392,643,621,844,228,112,39,16,71,84,513
387,Miye Oni\onimi01,SG,23,UTA,35,354,341,455,505,833,84,28,11,8,16,61,105
388,Cedi Osman\osmande01,SF,25,CLE,219,374,306,458,458,800,201,174,53,9,80,119,613
389,Daniel Oturu\oturuda01,C,21,LAC,22,423,200,447,433,750,48,10,4,7,9,24,54
390,Kelly Oubre Jr.\oubreke01,SF,25,GSW,318,439,316,519,501,695,329,73,57,42,70,121,849
391,Jabari Parker\parkeja01,PF,25,TOT,30,545,182,636,564,769,42,11,1,5,10,13,72
391,Jabari Parker\parkeja01,PF,25,SAC,4,571,0,667,571,,6,1,0,1,3,4,8
391,Jabari Parker\parkeja01,PF,25,BOS,26,542,200,632,563,769,36,10,1,4,7,9,64
392,Eric Paschall\pascher01,PF,24,GSW,148,497,333,533,527,713,128,51,12,7,43,68,381
393,Anžejs Pasečņiks\pasecan01,C,25,WAS,0,0,0,,0,,1,1,0,0,5,2,0
394,Patrick Patterson\pattepa01,PF,31,LAC,72,436,357,604,558,765,75,29,14,8,11,45,197
395,Justin Patton\pattoju01,C,23,HOU,29,414,265,556,479,750,49,14,12,14,4,34,70
396,Chris Paul\paulch01,PG,35,PHO,439,499,395,543,557,934,312,622,99,19,156,166,1149
397,Cameron Payne\payneca01,PG,26,PHO,191,484,440,515,576,893,144,217,36,16,60,97,505
398,Elfrid Payton\paytoel01,PG,26,NYK,269,432,286,460,455,682,216,203,47,9,103,116,639
399,Gary Payton II\paytoga02,PG,28,GSW,10,769,500,889,846,750,11,1,6,1,1,8,25
400,Norvel Pelle\pelleno01,C,27,TOT,8,533,,533,533,667,19,2,1,9,3,14,20
400,Norvel Pelle\pelleno01,C,27,BRK,3,429,,429,429,,7,0,0,3,3,9,6
400,Norvel Pelle\pelleno01,C,27,SAC,0,0,,0,0,750,1,1,0,0,0,1,3
400,Norvel Pelle\pelleno01,C,27,NYK,5,714,,714,714,500,11,1,1,6,0,4,11
401,Reggie Perry\perryre01,PF,20,BRK,32,410,190,491,436,769,73,14,6,6,15,40,78
402,Theo Pinson\pinsoth01,SG,25,NYK,1,111,0,1.000,111,,5,1,0,0,1,4,2
403,Mason Plumlee\plumlma01,C,30,DET,234,614,0,626,614,669,519,202,43,50,105,186,581
404,Jakob Poeltl\poeltja01,C,25,SAS,265,616,,616,616,508,547,134,47,123,83,172,593
405,Vincent Poirier\poirivi01,C,27,PHI,3,250,0,273,250,333,14,2,0,3,4,8,8
406,Aleksej Pokusevski\pokusal01,PF,19,OKC,139,341,280,403,412,738,212,97,20,42,99,58,367
407,Jordan Poole\poolejo01,SG,21,GSW,205,432,351,545,535,882,92,99,26,9,51,86,612
408,Jontay Porter\portejo01,PF,21,MEM,8,533,375,714,633,600,14,1,3,1,7,12,22
409,Kevin Porter Jr.\porteke02,SG,20,HOU,156,425,311,515,493,734,99,164,19,8,91,61,431
410,Michael Porter Jr.\portemi01,SF,22,DEN,443,542,445,628,646,791,445,70,40,54,77,126,1162
411,Otto Porter\porteot01,SF-PF,27,TOT,98,432,375,480,518,857,152,55,16,4,25,41,271
411,Otto Porter\porteot01,SF,27,CHI,89,441,400,477,535,838,138,50,12,4,25,37,247
411,Otto Porter\porteot01,PF,27,ORL,9,360,111,500,380,1.000,14,5,4,0,0,4,24
412,Bobby Portis\portibo01,C,25,MIL,313,523,471,542,585,740,466,71,52,26,56,115,754
413,Kristaps Porziņģis\porzikr01,C,25,DAL,325,476,376,536,547,855,381,68,20,58,51,115,865
414,Dwight Powell\poweldw01,C,29,DAL,120,619,238,665,631,782,234,63,36,30,40,135,342
415,Norman Powell\powelno01,SG-SF,27,TOT,438,477,411,532,570,871,215,129,82,18,119,160,1283
415,Norman Powell\powelno01,SG,27,TOR,282,498,439,552,602,865,126,77,47,8,77,98,823
415,Norman Powell\powelno01,SF,27,POR,156,443,361,502,518,880,89,52,35,10,42,62,460
416,Taurean Prince\princta02,PF,26,TOT,131,401,400,401,495,855,142,76,28,23,47,75,389
416,Taurean Prince\princta02,PF,26,BRK,30,405,351,459,493,889,34,7,8,8,11,21,97
416,Taurean Prince\princta02,PF,26,CLE,101,399,415,385,496,837,108,69,20,15,36,54,292
417,Payton Pritchard\pritcpa01,SG,23,BOS,184,440,411,482,562,889,158,120,37,9,53,104,510
418,Immanuel Quickley\quickim01,PG,21,NYK,229,395,389,401,497,891,137,127,30,12,58,114,731
419,Jahmi'us Ramsey\ramseja01,SG,19,SAC,15,395,263,526,461,1.000,10,6,4,1,3,8,40
420,Chasson Randle\randlch01,PG,27,ORL,92,388,338,449,481,792,82,74,22,5,46,64,266
421,Julius Randle\randlju01,PF,26,NYK,602,456,411,474,516,811,723,427,64,18,241,225,1712
422,Cam Reddish\reddica01,SF,21,ATL,96,365,262,460,428,817,104,35,33,9,34,68,292
423,J.J. Redick\redicjj01,SG,36,TOT,106,397,371,449,521,942,64,51,11,3,36,50,327
423,J.J. Redick\redicjj01,SG,36,NOP,87,407,364,486,526,957,52,40,9,2,25,37,270
423,J.J. Redick\redicjj01,SG,36,DAL,19,358,395,267,500,800,12,11,2,1,11,13,57
424,Paul Reed\reedpa01,PF,21,PHI,42,538,0,583,538,500,61,12,10,13,12,29,88
425,Naz Reid\reidna01,C,21,MIN,304,523,351,597,576,693,322,72,34,76,69,179,784
426,Cameron Reynolds\reynoca01,SF,25,TOT,6,333,250,500,417,,5,2,0,0,0,2,15
426,Cameron Reynolds\reynoca01,SF,25,SAS,1,500,,500,500,,0,0,0,0,0,0,2
426,Cameron Reynolds\reynoca01,SF,25,HOU,5,313,250,500,406,,5,2,0,0,0,2,13
427,Nick Richards\richani01,PF,23,CHO,4,444,0,500,444,636,11,2,0,0,3,7,15
428,Josh Richardson\richajo01,SG,27,DAL,264,427,330,501,498,917,195,153,61,24,79,130,715
429,Grant Riller\rillegr01,PG,23,CHO,8,667,500,750,750,,1,3,1,0,1,0,18
430,Austin Rivers\riverau01,SG,28,TOT,104,424,369,510,537,710,82,81,30,2,36,64,285
430,Austin Rivers\riverau01,SG,28,NYK,58,430,364,517,533,714,47,42,12,0,22,32,154
430,Austin Rivers\riverau01,SG,28,DEN,46,418,375,500,541,706,35,39,18,2,14,32,131
431,Andre Roberson\roberan03,SG,29,BRK,2,143,125,167,179,500,15,4,3,1,2,4,6
432,Duncan Robinson\robindu01,SF,26,MIA,315,439,408,625,614,827,250,127,43,20,81,181,942
433,Glenn Robinson III\robingl02,SF,27,SAC,42,424,364,473,505,913,45,20,4,3,11,23,121
434,Jerome Robinson\robinje01,SG,23,WAS,28,295,262,321,353,800,38,25,12,6,19,31,83
435,Justin Robinson\robinju01,PG,23,OKC,7,333,286,429,429,600,7,9,3,0,2,10,21
436,Mitchell Robinson\robinmi01,C,22,NYK,115,653,,653,653,491,252,17,35,45,26,86,256
437,Isaiah Roby\robyis01,PF,22,OKC,207,483,294,547,520,744,341,107,52,37,113,162,533
438,Rajon Rondo\rondora01,PG,34,TOT,95,442,404,468,526,941,110,199,37,4,79,53,242
438,Rajon Rondo\rondora01,PG,34,ATL,44,400,378,415,477,500,55,95,19,2,39,25,106
438,Rajon Rondo\rondora01,PG,34,LAC,51,486,432,525,576,1.000,55,104,18,2,40,28,136
439,Derrick Rose\rosede01,PG,32,TOT,287,470,388,492,511,866,130,209,49,19,78,56,734
439,Derrick Rose\rosede01,PG,32,DET,79,429,333,455,465,840,29,63,18,4,29,17,213
439,Derrick Rose\rosede01,PG,32,NYK,208,487,411,507,530,883,101,146,31,15,49,39,521
440,Terrence Ross\rosste01,SG,29,ORL,254,412,337,469,485,870,158,108,47,21,74,88,717
441,Terry Rozier\roziete01,SG,26,CHO,510,450,389,512,548,817,302,293,87,26,128,119,1407
442,Ricky Rubio\rubiori01,PG,30,MIN,193,388,308,447,454,867,223,433,98,4,111,139,582
443,D'Angelo Russell\russeda01,PG,24,MIN,281,431,387,471,523,765,111,244,45,18,112,68,796
444,Domantas Sabonis\sabondo01,PF,24,IND,484,535,321,582,564,732,742,415,76,33,213,203,1260
445,Luka Šamanić\samanlu01,PF,21,SAS,47,448,279,565,505,552,68,15,8,8,20,43,122
446,JaKarr Sampson\sampsja02,PF,27,IND,56,496,200,541,509,655,77,4,2,14,15,52,134
447,Dario Šarić\saricda01,C,26,PHO,153,447,348,512,516,848,190,65,30,4,57,95,437
448,Tomáš Satoranský\satorto01,SG,29,CHI,169,514,356,602,578,848,142,271,40,14,96,89,447
449,Dennis Schröder\schrode01,SG,27,LAL,332,437,335,476,484,848,211,351,70,13,163,159,941
450,Mike Scott\scottmi01,PF,32,PHI,76,360,342,411,486,667,120,40,24,14,19,72,213
451,Jay Scrubb\scrubja01,SG,20,LAC,14,389,222,444,417,1.000,14,1,4,0,7,5,35
452,Collin Sexton\sextoco01,SG,22,CLE,525,475,371,508,519,815,187,262,62,10,167,157,1460
453,Landry Shamet\shamela01,SG,23,BRK,186,408,387,463,549,846,112,99,31,10,48,93,567
454,Iman Shumpert\shumpim01,SG,30,BRK,1,250,0,1.000,250,,1,0,1,0,1,0,2
455,Pascal Siakam\siakapa01,PF,26,TOR,437,455,297,509,493,827,405,250,64,37,130,174,1196
456,Chris Silva\silvach01,PF,24,TOT,10,625,1.000,600,656,733,27,6,1,6,10,24,32
456,Chris Silva\silvach01,PF,24,MIA,9,692,1.000,667,731,733,25,6,1,5,9,20,30
456,Chris Silva\silvach01,PF,24,SAC,1,333,,333,333,,2,0,0,1,1,4,2
457,Ben Simmons\simmobe01,PG,24,PHI,325,557,300,562,560,613,417,401,93,35,173,171,829
458,Anfernee Simons\simonan01,SG,21,POR,168,419,426,403,569,807,140,89,18,8,43,96,502
459,Deividas Sirvydis\sirvyde01,SG,20,DET,14,350,357,333,475,500,29,5,2,0,5,9,41
460,Alen Smailagić\smailal01,PF,20,GSW,11,407,400,412,481,333,16,4,3,5,5,11,28
461,Marcus Smart\smartma01,PG,26,BOS,203,398,330,482,489,790,167,273,72,23,96,126,627
462,Dennis Smith Jr.\smithde03,PG,23,TOT,58,400,328,448,466,731,55,77,23,14,26,37,154
462,Dennis Smith Jr.\smithde03,PG,23,NYK,2,200,0,333,200,833,2,3,3,0,1,4,9
462,Dennis Smith Jr.\smithde03,PG,23,DET,56,415,352,457,485,700,53,74,20,14,25,33,145
463,Ish Smith\smithis01,PG,32,WAS,129,434,367,448,465,576,150,172,32,13,41,62,295
464,Jalen Smith\smithja04,PF,20,PHO,22,440,235,545,480,714,37,4,1,5,7,16,53
465,Tony Snell\snellto01,SG,29,ATL,88,515,569,419,696,1.000,112,59,13,11,21,75,249
466,Ray Spalding\spaldra01,C,23,HOU,2,500,0,667,500,0,4,0,0,2,3,3,4
467,Cassius Stanley\stanlca01,SG,21,IND,13,302,231,333,337,778,20,1,1,2,1,14,36
468,Lamar Stevens\stevela01,PF,23,CLE,62,456,160,523,471,725,96,25,17,13,23,53,165
469,Isaiah Stewart\stewais01,C,19,DET,226,553,333,592,578,696,453,59,39,86,67,184,537
470,Max Strus\strusma01,SF,24,MIA,85,455,338,897,588,667,41,24,11,2,8,43,236
471,Edmond Sumner\sumneed01,SG,25,IND,148,525,398,582,587,819,94,49,33,10,51,88,399
472,Jae'Sean Tate\tateja01,SF,25,HOU,316,506,308,595,554,694,374,178,85,36,98,222,794
473,Jayson Tatum\tatumja01,SF,22,BOS,605,459,386,502,530,868,472,276,75,31,171,122,1692
474,Jeff Teague\teaguje01,PG,32,TOT,123,433,439,431,496,848,88,132,34,12,64,56,371
474,Jeff Teague\teaguje01,PG,32,BOS,78,415,464,394,484,836,57,73,26,7,39,43,233
474,Jeff Teague\teaguje01,PG,32,MIL,45,469,385,500,521,864,31,59,8,5,25,13,138
475,Garrett Temple\templga01,SG,34,CHI,158,415,335,503,503,800,160,124,43,30,58,126,423
476,Tyrell Terry\terryty01,PG,20,DAL,5,313,0,556,313,333,6,6,5,0,2,2,11
477,Daniel Theis\theisda01,C,28,TOT,252,541,322,646,593,673,356,108,41,57,66,167,627
477,Daniel Theis\theisda01,C,28,BOS,159,552,347,653,609,687,220,67,25,43,41,120,397
477,Daniel Theis\theisda01,C,28,CHI,93,522,281,636,567,651,136,41,16,14,25,47,230
478,Brodric Thomas\thomabr01,SG,24,TOT,39,361,271,469,435,674,53,30,15,10,22,40,125
478,Brodric Thomas\thomabr01,SG,24,HOU,2,286,167,1.000,357,714,4,4,1,1,4,5,10
478,Brodric Thomas\thomabr01,SG,24,CLE,37,366,283,458,441,667,49,26,14,9,18,35,115
479,Isaiah Thomas\thomais02,PG,31,NOP,9,333,250,400,389,1.000,4,5,1,0,6,3,23
480,Khyri Thomas\thomakh01,SG,24,HOU,32,485,333,590,553,1.000,18,25,9,6,6,8,82
481,Matt Thomas\thomama02,SG,26,TOT,50,394,338,489,500,857,44,19,4,0,14,18,139
481,Matt Thomas\thomama02,SG,26,TOR,24,387,415,333,524,857,21,9,2,0,6,10,71
481,Matt Thomas\thomama02,SG,26,UTA,26,400,256,615,477,857,23,10,2,0,8,8,68
482,Tristan Thompson\thomptr01,PF,29,BOS,169,518,0,523,518,592,439,67,24,33,62,119,409
483,Sindarius Thornwell\thornsi01,SG,26,TOT,15,326,304,348,402,500,18,21,13,2,7,15,41
483,Sindarius Thornwell\thornsi01,SG,26,NOP,7,333,333,333,405,0,5,4,5,1,4,3,17
483,Sindarius Thornwell\thornsi01,SG,26,ORL,8,320,286,364,400,667,13,17,8,1,3,12,24
484,Matisse Thybulle\thybuma01,SG,23,PHI,102,420,301,590,508,444,124,63,105,71,32,127,255
485,Killian Tillie\tilliki02,C,22,MEM,19,333,303,375,421,818,24,8,5,8,2,20,57
486,Xavier Tillman Sr.\tillmxa01,PF,22,MEM,167,559,338,620,595,642,256,75,44,33,45,116,390
487,Anthony Tolliver\tollian01,PF,35,PHI,4,235,286,0,353,833,10,2,3,2,3,7,17
488,Obi Toppin\toppiob01,PF,22,NYK,104,498,306,629,560,731,138,29,17,15,23,55,253
489,Juan Toscano-Anderson\toscaju01,SG,27,GSW,121,579,402,718,667,710,234,150,41,26,61,111,301
490,Axel Toupane\toupaax01,SF,28,MIL,4,364,500,333,409,714,6,4,2,3,0,6,14
491,Karl-Anthony Towns\townska01,C,25,MIN,425,486,387,541,555,859,529,225,39,57,160,186,1239
492,Gary Trent Jr.\trentga02,SG,22,TOT,320,408,385,435,513,783,152,80,56,10,43,92,888
492,Gary Trent Jr.\trentga02,SG,22,POR,217,414,397,438,530,773,91,58,37,6,31,63,613
492,Gary Trent Jr.\trentga02,SG,22,TOR,103,395,355,431,479,806,61,22,19,4,12,29,275
493,P.J. Tucker\tuckepj01,PF,35,TOT,66,373,336,448,486,750,204,61,39,20,40,125,193
493,P.J. Tucker\tuckepj01,PF,35,HOU,48,366,314,467,469,783,148,45,29,18,33,91,141
493,P.J. Tucker\tuckepj01,PF,35,MIL,18,391,394,385,533,600,56,16,10,2,7,34,52
494,Rayjon Tucker\tuckera01,PG,23,PHI,9,500,286,636,556,737,11,6,2,0,4,8,34
495,Myles Turner\turnemy01,C,24,IND,206,477,335,606,557,782,306,48,40,159,67,165,592
496,Jonas Valančiūnas\valanjo01,C,28,MEM,440,592,368,611,606,773,776,112,35,57,100,179,1058
497,Denzel Valentine\valende01,SG,27,CHI,155,373,331,431,469,941,197,105,30,7,42,70,406
498,Jarred Vanderbilt\vandeja01,PF,21,MIN,143,606,200,615,608,559,368,76,64,46,53,123,344
499,Fred VanVleet\vanvlfr01,SG,26,TOR,338,389,366,416,489,885,220,328,87,37,95,119,1019
500,Anderson Varejão\varejan01,C,38,CLE,4,250,0,267,250,556,20,3,0,2,1,3,13
501,Devin Vassell\vassede01,SF,20,SAS,123,406,347,464,492,843,174,56,43,18,22,88,341
502,Gabe Vincent\vincega01,PG,24,MIA,88,378,309,500,476,870,56,67,21,2,34,79,242
503,Noah Vonleh\vonleno01,PF,25,BRK,0,0,0,0,0,,1,1,0,0,2,2,0
504,Nikola Vučević\vucevni01,C,30,TOT,666,477,400,513,540,840,817,269,65,48,126,137,1639
504,Nikola Vučević\vucevni01,C,30,ORL,436,480,406,515,545,827,517,167,42,28,83,79,1080
504,Nikola Vučević\vucevni01,C,30,CHI,230,471,388,509,532,870,300,102,23,20,43,58,559
505,Dean Wade\wadede01,PF,24,CLE,134,431,366,571,556,769,215,74,35,21,30,78,376
506,Moritz Wagner\wagnemo01,C,23,TOT,104,454,341,529,522,816,146,50,26,18,43,108,310
506,Moritz Wagner\wagnemo01,C,23,WAS,62,508,310,613,561,788,73,32,22,8,21,62,178
506,Moritz Wagner\wagnemo01,C,23,BOS,4,286,333,250,357,500,19,6,0,1,9,10,11
506,Moritz Wagner\wagnemo01,C,23,ORL,38,409,372,440,495,879,54,12,4,9,13,36,121
507,Kemba Walker\walkeke02,PG,30,BOS,284,420,360,486,514,899,170,212,48,12,88,61,829
508,Lonnie Walker\walkelo01,SG,22,SAS,256,420,355,477,502,814,155,101,29,15,65,101,669
509,John Wall\walljo01,PG,30,HOU,293,404,317,449,458,749,129,275,42,31,141,46,823
510,Brad Wanamaker\wanambr01,PG,31,TOT,115,385,188,463,411,891,105,174,43,11,71,94,336
510,Brad Wanamaker\wanambr01,PG,31,GSW,61,353,213,429,390,893,66,99,26,6,37,55,185
510,Brad Wanamaker\wanambr01,PG,31,CHO,54,429,125,500,440,889,39,75,17,5,34,39,151
511,T.J. Warren\warretj01,SF,27,IND,27,529,0,614,529,800,14,5,2,0,4,16,62
512,P.J. Washington\washipj01,PF,22,CHO,302,440,386,480,522,745,418,161,69,79,128,171,824
513,Yuta Watanabe\watanyu01,SF,26,TOR,79,439,400,478,539,828,159,40,26,19,19,57,218
514,Tremont Waters\watertr01,PG,23,BOS,34,405,395,413,494,941,21,62,15,1,27,17,99
515,Paul Watson\watsopa01,SF,26,TOR,38,463,469,444,646,625,45,17,6,3,9,36,111
516,Quinndary Weatherspoon\weathqu01,SG,24,SAS,16,457,167,517,471,813,11,8,8,2,10,18,46
517,Russell Westbrook\westbru01,PG,32,WAS,544,439,315,475,474,656,750,763,89,23,312,190,1445
518,Coby White\whiteco01,PG,20,CHI,375,416,359,473,506,901,284,328,38,15,156,179,1041
519,Derrick White\whitede01,SG,26,SAS,186,411,346,486,503,851,107,127,26,36,45,91,553
520,Hassan Whiteside\whiteha01,C,31,SAC,126,563,0,565,563,519,215,20,9,46,40,73,293
521,Greg Whittington\whittgr01,PF,27,DEN,0,0,0,0,0,,0,0,0,0,0,0,0
522,Andrew Wiggins\wiggian01,PF,25,GSW,505,477,380,529,543,714,347,167,67,70,126,159,1320
523,Grant Williams\willigr01,PF,22,BOS,108,437,372,508,534,588,178,64,32,24,56,161,294
524,Kenrich Williams\willike04,PF,26,OKC,219,533,444,568,596,571,273,152,55,17,76,143,526
525,Lou Williams\willilo02,PG,34,TOT,265,410,399,414,464,867,138,225,47,6,108,62,749
525,Lou Williams\willilo02,PG,34,LAC,181,421,378,437,473,866,88,144,39,4,66,42,510
525,Lou Williams\willilo02,PG,34,ATL,84,389,444,370,444,870,50,81,8,2,42,20,239
526,Patrick Williams\willipa01,PF,19,CHI,255,483,391,515,534,728,327,99,64,46,98,126,655
527,Robert Williams\williro04,C,23,BOS,186,721,0,727,721,616,358,94,43,91,52,105,417
528,Zion Williamson\willizi01,PF,20,NOP,634,611,294,622,616,698,441,226,57,39,167,135,1647
529,D.J. Wilson\wilsodj01,PF,24,TOT,68,405,345,469,494,680,112,23,11,16,22,44,183
529,D.J. Wilson\wilsodj01,PF,24,MIL,16,372,357,400,488,500,25,3,1,4,4,13,43
529,D.J. Wilson\wilsodj01,PF,24,HOU,52,416,339,485,496,696,87,20,10,12,18,31,140
530,Dylan Windler\windldy01,SF,24,CLE,57,438,338,585,538,778,107,33,19,12,32,37,161
531,Justise Winslow\winslju01,SF,24,MEM,74,352,185,410,376,571,118,50,15,12,37,47,178
532,Cassius Winston\winstca01,PG,22,WAS,14,424,471,375,545,833,9,12,2,1,5,8,41
533,James Wiseman\wisemja01,C,19,GSW,191,519,316,542,535,628,226,26,11,36,60,121,448
534,Christian Wood\woodch01,C,25,HOU,329,514,374,581,574,631,395,71,34,48,80,88,860
535,Robert Woodard\woodaro01,SF,21,SAC,8,400,167,500,425,375,16,2,0,3,1,4,20
536,Delon Wright\wrighde01,SG-PG,28,TOT,240,463,372,509,525,802,269,278,101,30,83,75,645
536,Delon Wright\wrighde01,SG,28,DET,136,464,348,515,517,789,164,181,58,19,48,45,374
536,Delon Wright\wrighde01,PG,28,SAC,104,462,398,500,536,833,105,97,43,11,35,30,271
537,Thaddeus Young\youngth01,PF,32,CHI,370,559,267,580,568,628,423,291,74,40,137,152,823
538,Trae Young\youngtr01,PG,22,ATL,487,438,343,491,499,886,245,594,53,12,261,111,1594
539,Cody Zeller\zelleco01,C,28,CHO,181,559,143,598,565,714,328,86,27,17,51,121,451
540,Ivica Zubac\zubaciv01,C,23,LAC,257,652,250,656,654,789,519,90,24,62,81,187,650